series_name,published_iso,episode_title,episode_url,guid,summary,summary_general,summary_advanced,audience,rec_general,rec_advanced,include,tags,fetched_at_iso,tags_auto,tags_final,unique_key
Boiling Point,2025-08-28T10:00:00Z,A New Look at L.A.’s War on Smog,https://boiling-point.simplecast.com/episodes/a-new-look-at-las-war-on-smog-Fln4UiUR,68f315a9-6f36-4232-9544-fc893b744274,"Los Angeles has long been famous for its smog — and while things are better today, the fight isn’t finished. Sammy Roth talks with L.A. Times columnist Patt Morrison about her new podcast on the city’s smog history, and what it will take to build a future with truly clean air.","Los Angeles has a long history with smog, but improvements have been made. This episode discusses the ongoing challenges the city faces in achieving clean air and features insights from a new podcast that explores the history and future of L.A.'s air quality.","The episode examines Los Angeles' historical battle against smog, highlighting significant progress made since the 1970s, when pollution levels were among the worst in the nation. Despite improvements, challenges remain, particularly with vehicle emissions and urban development. The discussion emphasizes the need for continued policy efforts and community engagement to achieve sustainable air quality, aiming for a future with truly clean air.",advanced,0,0,TRUE,,2025-08-30T19:37:54Z,,,guid:68f315a9-6f36-4232-9544-fc893b744274
Boiling Point,2025-08-21T10:00:00Z,Taking a Hack at Climate Change,https://boiling-point.simplecast.com/episodes/taking-a-hack-at-climate-change-4THNKIl_,58300b96-e65f-4677-9b32-916f03431ff8,"Sammy Roth welcomes award-winning actor Hannah Einbinder to the show. You may know her for her role as Ava Daniels on HBO Max’s “Hacks.” Or maybe you’re familiar with her climate advocacy — including a new campaign for fossil fuel divestment in Hollywood. She and Sammy discuss the intersection between climate and creativity, and why she thinks mushrooms (the legal kind!) will save us all.","This episode explores the connection between climate change and creativity, featuring actor Hannah Einbinder's advocacy for fossil fuel divestment in Hollywood. It highlights how artists can influence climate action and discusses innovative solutions like using mushrooms to address environmental challenges.","In this episode, Hannah Einbinder discusses her campaign for fossil fuel divestment in Hollywood, emphasizing the role of the entertainment industry in climate advocacy. She argues that creative approaches, such as bioremediation using mushrooms, could play a significant role in combating climate change. The conversation underscores the potential for cultural influence to drive policy changes and public awareness in the fight against climate issues.",advanced,0,0,TRUE,,2025-08-30T19:37:54Z,Finance & Markets,Finance & Markets,guid:58300b96-e65f-4677-9b32-916f03431ff8
Boiling Point,2025-08-14T10:00:00Z,The Colorado Plateau at a Crossroads,https://boiling-point.simplecast.com/episodes/the-colorado-plateau-at-a-crossroads-7lEsWKd8,b4746c55-8306-49e9-84fe-41112bb54665,"Environmental journalist Jonathan P. Thompson joins Sammy Roth to discuss the future of the Colorado River, the state of America’s public lands, and the myths surrounding the West’s natural resources.Read Sammy’s latest column about the Colorado River:https://www.latimes.com/environment/newsletter/2025-08-14/river-rafting-in-colorado-offers-climate-lessons-for-southern-california","This episode focuses on the Colorado River and the challenges facing the Colorado Plateau. Environmental journalist Jonathan P. Thompson discusses the future of public lands and addresses common misconceptions about the West's natural resources, highlighting the importance of these issues for local communities and ecosystems.","The discussion centers on the Colorado River's future amid climate change and water scarcity, emphasizing the critical state of the Colorado Plateau. Thompson examines the management of public lands and the impact of resource myths on policy decisions. With the river supporting millions, understanding these dynamics is essential for sustainable water management and conservation efforts in the region.",advanced,0,0,TRUE,,2025-08-30T19:37:54Z,,,guid:b4746c55-8306-49e9-84fe-41112bb54665
Cleaning Up,2025-08-27T17:00:00Z,Cleaning Up Redux: A Magnificent Woman And Her Flying Machines - Bonny Simi,https://cleaning-up-leadership-in-the-age-of-climate-change.simplecast.com/episodes/cleaning-up-redux-a-magnificent-woman-and-her-flying-machines-bonny-simi-wz87m7h5,df87ac9d-1416-43e2-ae91-4f7fc750ba22,"This episode was originally broadcast in February 2024Bryony returns with Bonny Simi, President of Operations at Joby Aviation, where she's working on bringing to market a new civilian electric VTOL (eVTOL) aircraft. Prior to joining the team at Joby, Bonny held several operational and strategic roles at JetBlue Most notably, she founded and led JetBlue Technology Ventures, investing in improving the travel, hospitality, and transportation industries. As a pilot, Bonny has commanded Boeing, Airb","This episode features Bonny Simi, President of Operations at Joby Aviation, discussing her work on electric flying vehicles. Her experience in aviation and technology aims to revolutionize transportation, making it cleaner and more efficient. Understanding these advancements is crucial for addressing climate change and improving urban mobility.","Bonny Simi, President of Operations at Joby Aviation, discusses the development of electric vertical takeoff and landing (eVTOL) aircraft, which promise to reduce urban congestion and carbon emissions. With a background in aviation and technology investments, Simi emphasizes the importance of innovation in transportation. The episode highlights the potential of eVTOLs to transform travel and contribute to climate goals, making cleaner air travel a reality.",both,0,0,TRUE,,2025-08-30T19:37:54Z,Technology,Technology,guid:df87ac9d-1416-43e2-ae91-4f7fc750ba22
Cleaning Up,2025-08-20T17:00:00Z,Cleaning Up Redux: From Free Solo to Free Solar — Alex Honnold,https://cleaning-up-leadership-in-the-age-of-climate-change.simplecast.com/episodes/cleaning-up-redux-free-solo-to-free-solar-alex-honnolds-climate-journey-0_PjK1ZU,ab2a02d5-6715-40b4-837e-8a5e4cd6ac6d,"This episode was originally broadcast in April 2022Alex Honnold is one of the world’s best rock climbers, famous for his free solo ascents of big walls, including his 2017 first free solo of El Capitan in Yosemite.Alex began studies in engineering at the University of California-Berkeley but dropped out to pursue his passion for climbing, living out of his van. He first attracted attention within the climbing community in 2008 when he became the first climber to free solo Half Dome in Yosemite. ","This episode explores Alex Honnold's transition from a renowned rock climber to a climate advocate. It highlights his journey towards promoting solar energy and sustainable practices, emphasizing the importance of individual action in addressing climate change.","In this episode, Alex Honnold discusses his evolution from elite climber to climate activist, focusing on his advocacy for solar energy. Honnold highlights the potential of solar power to reduce carbon emissions and its role in achieving a sustainable future. He emphasizes the need for collective action and policy support to transition to renewable energy sources, aiming for a significant reduction in greenhouse gas emissions.",both,0,0,TRUE,,2025-08-30T19:37:54Z,"Litigation, Renewables","Litigation, Renewables",guid:ab2a02d5-6715-40b4-837e-8a5e4cd6ac6d
Cleaning Up,2025-08-13T16:30:00Z,The Inevitable End of Fossil Fuels | Ep221: Michael Liebreich & Bryony Worthington,https://cleaning-up-leadership-in-the-age-of-climate-change.simplecast.com/episodes/end-of-fossil-fuels-2065-tWtKAuDZ,0282cb08-0c4d-4a5d-895a-b92b6e444f3f,"What if the energy transition isn't a race, but a steady march toward the end of fossil fuel usage? Do we need to move more like the tortoise, and less like the hare? And in a world of competing narratives, who gets to define ""pragmatism""?In this season finale of Cleaning Up, hosts Michael Liebreich and Bryony Worthington unpack these questions as they review Season 15's most compelling conversations about energy transformation, and celebrate five years of Cleaning Up. They dissect the current p","This episode explores the gradual transition away from fossil fuels, suggesting that a steady approach may be more effective than a rushed one. The hosts reflect on key discussions from the season, emphasizing the importance of defining practical solutions in the energy transformation narrative.","In this season finale, the hosts analyze the energy transition as a deliberate process rather than a sprint, questioning the prevailing narratives around pragmatism in climate action. They review critical insights from Season 15, highlighting the need for a balanced approach to phasing out fossil fuels and the implications for carbon pricing and market strategies.",both,0,0,TRUE,,2025-08-30T19:37:54Z,"Carbon Pricing, Communication, Finance & Markets","Carbon Pricing, Communication, Finance & Markets",guid:0282cb08-0c4d-4a5d-895a-b92b6e444f3f
Climate Now,2024-10-15T13:00:00Z,Season Finale: Live from Climate Week,,Buzzsprout-15929926,"Our Season One finale brings you a debate about the pace of the energy transition that was recorded live at NYC Climate Week three weeks ago. How fast is the transition progressing, really? And why might there be divergent opinions on the subject? The debate was co-moderated by James Lawler and Dina Cappiello (RMI), and features RMI’s Kingsmill Bond and Bain’s Aaron Denman. We look forward to your thoughts and questions, as always, and we look forward to being in touch with all of you again in 2","The season finale discusses the speed of the energy transition, featuring a live debate from NYC Climate Week. Experts share differing views on how quickly this transition is happening and its implications for climate action. Understanding these perspectives is crucial for future climate strategies.","This episode features a live debate on the pace of the energy transition, highlighting contrasting opinions from experts at RMI and Bain. The discussion addresses key metrics and timelines for renewable energy adoption, emphasizing the need for clarity in tracking progress. As global emissions targets tighten, understanding these divergent views is essential for effective climate policy and investment strategies moving forward.",general,0,0,FALSE,,2025-08-30T19:37:54Z,,,guid:buzzsprout-15929926
Climate Now,2024-09-10T17:00:00Z,Navigating Recent Changes to Voluntary Carbon Markets,,Buzzsprout-15728694,"Voluntary Carbon Markets, or VCM, are the decentralized marketplaces where carbon credits, used to offset greenhouse gas emissions are traded. Each credit offsets a metric ton of carbon dioxide emissions. The VCM has existed since the 1980s with recent updates to the types of activities that count as offsets.On July 30 of this year, the Science Based Targets Initiative (SBTi) updated their recommendations for corporate carbon accounting standards that affect how corporations should count carbon ","This episode discusses recent changes to Voluntary Carbon Markets, where companies buy carbon credits to offset their emissions. Understanding these updates is crucial for businesses aiming to meet climate goals and reduce their carbon footprints effectively.","The episode examines the recent updates to Voluntary Carbon Markets, focusing on the Science Based Targets Initiative's July 30 recommendations that redefine corporate carbon accounting standards. These changes impact how companies calculate and report their emissions offsets, emphasizing the need for transparency and accuracy in achieving climate targets. Key takeaway: businesses must adapt to these evolving standards to ensure effective carbon management.",general,0,0,FALSE,,2025-08-30T19:37:54Z,"Carbon Pricing, Fossil Fuels, Offsets","Carbon Pricing, Fossil Fuels, Offsets",guid:buzzsprout-15728694
Climate Now,2024-09-10T15:00:00Z,"Climate News Weekly: Exonn-Mobil oil projections, closing on coal in the UK, and more...",,Buzzsprout-15727980,"On this week&apos;s edition of Climate News Weekly, James Lawler and Julio Friedmann discuss Exxon-Mobil&apos;s projections of flat oil demand by 2050, closing the last coal-fired power plant in the UK, disproportionate impacts of climate change in Africa, and more.Follow us on Twitter, LinkedIn, Facebook, and Instagram.Contact us at contact@climatenow.comVisit our website for all of our content and sources for each episode.","This episode covers key climate news, including Exxon-Mobil's prediction of stable oil demand by 2050 and the UK closing its last coal power plant. It also highlights the unequal effects of climate change on Africa, emphasizing the need for global awareness and action.","The episode discusses Exxon-Mobil's forecast that global oil demand will plateau by 2050, reflecting shifts in energy consumption. It also marks the closure of the UK's final coal-fired power plant, a significant step in reducing fossil fuel reliance. Additionally, the hosts address the disproportionate impacts of climate change on African nations, underscoring the urgent need for targeted climate policies and support.",general,0,0,FALSE,,2025-08-30T19:37:54Z,"Fossil Fuels, International","Fossil Fuels, International",guid:buzzsprout-15727980
Climate One,2025-08-29T07:15:00Z,"Small Dollar, Big Impact",https://www.climateone.org/audio/small-dollar-big-impact,26cff47c-8468-11f0-b467-072eb40b1097,"The climate doesn’t care where emissions cuts come from; what matters is that the world transitions to renewable energy quickly and cheaply. If it’s significantly cheaper to install solar panels in India than on a rooftop in California, then isn’t that where they should be built? Similarly, transferring money directly to local people with the greatest stake in preserving their land can have outsized impact in conservation. Where does a climate dollar go furthest? Guests: Kinari Webb, Founder, He",The episode discusses how effective climate action can be achieved by focusing on cost-efficient renewable energy solutions and direct financial support to local communities. It emphasizes the importance of maximizing the impact of climate funding to ensure a swift transition to sustainable practices worldwide.,"This episode explores the strategic allocation of climate funding, highlighting that investments in renewable energy, such as solar panels in India, can be more cost-effective than in wealthier regions like California. It also discusses the importance of direct financial transfers to local communities, which can enhance conservation efforts and empower those most affected by climate change. The key takeaway is that targeted investments can yield significant environmental benefits.",general,0,0,TRUE,,2025-08-30T19:37:54Z,"International, Renewables","International, Renewables",guid:26cff47c-8468-11f0-b467-072eb40b1097
Climate One,2025-08-22T07:15:00Z,Batteries Now Included,https://www.climateone.org/audio/batteries-now-included,286d7548-7ee1-11f0-aaa2-372cc56c81ed,"The Trump administration has taken aim at green energy, but one technology has largely been left untouched: batteries to store wind and solar electricity. California alone surpassed 13GW of battery storage last year, and Texas has become the fastest growing market for the technology. But producing batteries isn’t without its downsides, especially when it comes to mining the necessary raw materials. The upside is that those materials can be recycled and reused. If the recycling technology can rea","The episode discusses the role of battery storage in renewable energy, highlighting California's significant capacity and Texas's rapid growth in this sector. It addresses the environmental concerns of battery production and the potential for recycling materials, emphasizing the importance of sustainable practices in green technology.","This episode explores the critical role of battery storage in renewable energy, noting California's achievement of over 13GW of capacity and Texas's status as the fastest-growing market. It examines the environmental impact of raw material mining for batteries while highlighting advancements in recycling technologies that could mitigate these issues, underscoring the need for sustainable solutions in the energy transition.",general,0,0,TRUE,,2025-08-30T19:37:54Z,"International, Renewables","International, Renewables",guid:286d7548-7ee1-11f0-aaa2-372cc56c81ed
Climate One,2025-08-15T07:25:00Z,Cause of Death: Air Pollution,https://www.climateone.org/audio/cause-death-air,0ba7da3a-79a9-11f0-8d40-3f48130076a7,"In 2013, 9-year-old Ella Roberta died from a severe asthma attack. She became the first person in the United Kingdom (and possibly the world) to have “air pollution” listed as the cause of death on her death certificate. Her mother, Rosamund Adoo-Kissi-Debrah, founded the Ella Roberta Foundation and has become a global voice for clean air. Globally, the World Health Organization says that air pollution is associated with 6 to 7 million premature deaths every year. Addressing the cause of these d","This episode discusses the tragic case of Ella Roberta, a young girl whose death from asthma was linked to air pollution. Her mother advocates for clean air through the Ella Roberta Foundation, highlighting the urgent need to address air quality issues that affect millions worldwide.","The episode examines the impact of air pollution on public health, spotlighting the case of Ella Roberta, who became the first person to have air pollution listed as a cause of death in the UK. The World Health Organization reports that air pollution contributes to 6 to 7 million premature deaths annually, underscoring the critical need for policy changes to improve air quality and protect vulnerable populations.",general,0,0,TRUE,,2025-08-30T19:37:54Z,,,guid:0ba7da3a-79a9-11f0-8d40-3f48130076a7
Climate Proofers,2025-07-22T15:30:00Z,Ben Andrews On Building An Adaptation Consultancy,http://sites.libsyn.com/527817/ben-andrews-on-building-an-adaptation-consultancy,beadcb2e-3d99-4b02-8bcb-9890eb2e0494,"An awkward thing about the company Ben Andrews founded is that its name is a little out-of-date. Adapt40 is the bespoke adaptation consultancy he set up in 2021, which is today engaged in projects all over the world: from Dartmoor in the UK to the islands of the Eastern Caribbean. The ‘40’ in ‘Adapt40’ comes from 2040: the year in which the Intergovernmental Panel on Climate Change predicted human-induced global warming would breach 1.5°C. That forecast was made back in 2018. Now, scientists bel","Ben Andrews discusses his adaptation consultancy, Adapt40, which focuses on helping communities prepare for climate change. The company works on projects globally, emphasizing the importance of adapting to rising temperatures and extreme weather events.","Ben Andrews leads Adapt40, an adaptation consultancy founded in 2021, which addresses climate change impacts worldwide, from the UK to the Eastern Caribbean. The name reflects the urgency of adapting before 2040, when global warming is projected to exceed 1.5°C, a threshold highlighted by the IPCC in 2018. Adapt40 aims to provide tailored solutions to mitigate these risks.",advanced,0,0,FALSE,,2025-08-30T19:37:54Z,Adaptation,Adaptation,guid:beadcb2e-3d99-4b02-8bcb-9890eb2e0494
Climate Proofers,2025-07-15T15:03:00Z,"Debbie Hillier On Adaptation Indicators, Finance, & The Bonn Climate Talks",http://sites.libsyn.com/527817/debbie-hillier-on-adaptation-indicators-finance-the-bonn-climate-talks,f2f8cb3c-6070-49d0-ad4b-779bc4d4f8ab,"Eleven frantic days of negotiations at the Bonn climate talks this June yielded an important breakthrough: agreement on how to define 100 indicators for measuring global progress on adaptation. Reaching consensus was by no means easy. Adaptation is complex. After all, climate risks manifest in many, many ways and affect economic sectors, geographies, and populations differently. Political squabbles between countries also threatened to derail the process. Developing nations want indicators to tra",The Bonn climate talks resulted in a significant agreement on 100 indicators to measure global progress on climate adaptation. This is crucial as adaptation is complex and varies across different regions and sectors. Understanding these indicators helps track how well countries are preparing for climate impacts.,"The Bonn climate talks concluded with a landmark agreement on 100 indicators for assessing global adaptation progress, addressing the complexities of climate risks that differ by region and sector. Political tensions, particularly between developed and developing nations, complicated negotiations. These indicators are essential for monitoring adaptation efforts and ensuring that vulnerable populations receive necessary support, highlighting the importance of effective climate finance mechanisms.",advanced,0,0,FALSE,,2025-08-30T19:37:54Z,"Adaptation, Finance & Markets, Technology","Adaptation, Finance & Markets, Technology",guid:f2f8cb3c-6070-49d0-ad4b-779bc4d4f8ab
Climate Proofers,2025-07-08T18:44:00Z,"Alice Hill On Texas Floods, Trump's Anti-Resilience Budget Bill, And 'Climate Realism'",http://sites.libsyn.com/527817/alice-hill-on-texas-floods-trumps-anti-resilience-budget-bill-and-climate-realism,af7e772d-da9b-4057-8e44-ec412b6c7583,"For most climate-conscious folks, the world is a little more scary than it was back in 2015 when the Paris Agreement was signed. Ok, maybe a lot more scary. With a climate-denier in the White House, destructive wars raging in Europe and the Middle East, and the scaling back of emissions targets by rich countries, there’s lots for climate policy wonks — not to mention the rest of us — to be nervous about. Perhaps a change in strategy is needed. A different way to press home the importance of clim","This episode discusses the increasing severity of climate issues, particularly Texas floods, and the challenges posed by political decisions, including budget cuts to resilience funding. It emphasizes the need for a new approach to climate policy in light of current global events.","The episode examines the escalating climate crisis, highlighting Texas floods as a case study. It critiques the Trump administration's budget cuts to resilience funding, which undermines adaptation efforts. The discussion suggests a shift towards 'climate realism' as a necessary strategy for addressing the growing threats posed by climate change, especially as emissions targets are being reduced by developed nations.",advanced,0,0,FALSE,,2025-08-30T19:37:54Z,"Adaptation, Carbon Pricing, International, Policy & Politics","Adaptation, Carbon Pricing, International, Policy & Politics",guid:af7e772d-da9b-4057-8e44-ec412b6c7583
Climate Rising,2025-08-27T07:00:00Z,Reducing Household Emissions with Dishwashing Innovation: A Conversation with P&G ’ s Ashley Fill,,7ad3ab82-7f8f-11f0-a332-aba6d4c22314,"Ashley Fill, Global Director of Sustainability at P&G Home Care joins Climate Rising to discuss how consumer behavior and innovative technologies can reduce household carbon and water footprints. Ashley shares how life cycle assessments reveal that 87% of the emissions in P&G’s Home Care portfolio come from product use, particularly dishwashing. She describes how their products are engineered to deliver superior performance while reducing water and energy. Ashley also discusses P&G’s partnership","This episode focuses on how household practices, especially dishwashing, contribute to carbon emissions. Ashley Fill from P&G explains the importance of consumer choices and innovative products in reducing environmental impact. Understanding these factors can help families lower their carbon and water footprints.","The episode highlights that 87% of emissions from P&G's Home Care products stem from their use, particularly in dishwashing. Ashley Fill discusses how P&G is engineering products to enhance performance while minimizing water and energy consumption. The conversation emphasizes the role of consumer behavior and technological advancements in achieving significant reductions in household emissions.",advanced,0,0,TRUE,,2025-08-30T19:37:54Z,"Behavior & Psychology, Finance & Markets, Technology","Behavior & Psychology, Finance & Markets, Technology",guid:7ad3ab82-7f8f-11f0-a332-aba6d4c22314
Climate Rising,2025-08-13T07:00:00Z,AI for Climate Resilient Food Systems with ClimateAi’s Himanshu Gupta,,c6bb452e-76c9-11f0-a5d2-134197b280c1,"ClimateAi co-founder and CEO Himanshu Gupta explains how his company uses machine learning to forecast extreme weather and help businesses adapt to climate volatility. Himanshu shares his journey from rural India to co-founding ClimateAi while he was an MBA student. He describes how ClimateAi's ""biophysics-driven AI"" combines limited weather and crop yield data to inform procurement, logistics, and planting decisions for a quarter of the top 200 food and beverage companies. He also shares exampl","This episode discusses how ClimateAi uses machine learning to help food businesses adapt to extreme weather. By predicting climate impacts, companies can make better decisions about planting and logistics, which is crucial for maintaining food supply in a changing climate.","In this episode, Himanshu Gupta of ClimateAi explains their innovative use of biophysics-driven AI to analyze limited weather and crop yield data. This technology aids a quarter of the top 200 food and beverage companies in making informed procurement and logistics decisions, enhancing their resilience to climate volatility. The application of machine learning in this context is vital for adapting food systems to ongoing climate challenges.",advanced,0,0,TRUE,,2025-08-30T19:37:54Z,"Adaptation, International","Adaptation, International",guid:c6bb452e-76c9-11f0-a5d2-134197b280c1
Climate Rising,2025-07-30T07:00:00Z,Designing for Resilience: with Alex Berkowitz of Coastal Protection Services,,e098011e-6961-11f0-894e-a73e1b412900,"This episode is another in our series on Climate Resilience featuring Alex Berkowitz, Founder and CEO of Coastal Protection Solutions (CPS), a startup developing nearshore infrastructure that reduces wave energy and enhances climate resilience. Alex shares how her personal experience with Hurricane Sandy in her hometown of Rockaway Beach led to the creation of the Wave Breaker—an innovative floating barrier designed to protect coastal communities from storm surge and erosion. She explains how CP","This episode discusses the importance of designing infrastructure for climate resilience, featuring Alex Berkowitz from Coastal Protection Services. She highlights the Wave Breaker, a floating barrier that protects coastal areas from storm surges and erosion, inspired by her experiences during Hurricane Sandy.","The episode focuses on climate resilience through innovative infrastructure, featuring Alex Berkowitz of Coastal Protection Services. She discusses the Wave Breaker, a floating barrier that reduces wave energy and protects coastal communities from storm surges and erosion. This technology aims to address increasing climate threats, particularly in vulnerable areas like Rockaway Beach, where Berkowitz's personal experiences during Hurricane Sandy shaped her mission. The key takeaway is the need for adaptive solutions to safeguard coastal regions.",advanced,0,0,FALSE,,2025-08-30T19:37:54Z,Adaptation,Adaptation,guid:e098011e-6961-11f0-894e-a73e1b412900
Columbia Energy Exchange,2025-08-26T17:00:00Z,Jensen Huang: The Power of Intelligence Infrastructure,https://columbiaenergyexchange.libsyn.com/jensen-huang-the-power-of-intelligence-infrastructure,13200d44-1e22-4dff-958e-10e5d12563a2,"Jensen Huang, who founded NVIDIA in the early 1990s and built it into one of the most valuable companies in the world today, has thought a lot about AI's impact on global energy and climate systems. Jensen has much to say about AI's potential benefits for energy innovation, power demand for AI, and a range of related topics, as David Sandalow — the inaugural fellow here at the Center on Global Energy Policy — learned when interviewing him. Today, we’re bringing you their conversation in full fro","This episode discusses how AI, particularly through the lens of NVIDIA's founder Jensen Huang, can influence global energy and climate systems. It highlights the potential benefits of AI for energy innovation and the implications of AI's power demands. Understanding these dynamics is crucial for addressing climate challenges.","Jensen Huang explores the transformative role of AI in energy systems, emphasizing its potential to drive innovation and optimize power demand. He discusses the significant energy requirements of AI technologies and their implications for climate policy. This conversation sheds light on the intersection of advanced technology and energy management, underscoring the need for strategic approaches to harness AI while mitigating environmental impacts.",both,0,0,TRUE,,2025-08-30T19:37:54Z,"Policy & Politics, Technology","Policy & Politics, Technology",guid:13200d44-1e22-4dff-958e-10e5d12563a2
Columbia Energy Exchange,2025-08-19T17:25:00Z,"Trump’s High-risk, High-reward AI Action Plan",https://columbiaenergyexchange.libsyn.com/trumps-high-risk-high-reward-ai-action-plan,abddf438-8e71-432a-873a-ee51924f5cab,"In July, the Trump administration released what it calls an AI action plan. In it, along with several executive orders, the White House lays out its vision for building and expanding the country’s AI infrastructure. Key tenets of that vision include removing regulatory hurdles and accelerating US dominance in the industry. It also has broad energy and security implications. So how could the administration's high-risk, high-reward approach increase US market share in AI? Will it create tensions w","The Trump administration's AI action plan aims to enhance the U.S. AI infrastructure by removing regulations and boosting market share. This approach has significant implications for energy and national security, raising questions about its potential risks and rewards for the economy and global standing.","The Trump administration's AI action plan focuses on removing regulatory barriers to foster rapid growth in the AI sector, with the goal of increasing U.S. market share. This strategy could have substantial energy and security implications, potentially reshaping the competitive landscape. By prioritizing AI development, the administration seeks to position the U.S. as a leader in the global AI market, while also raising concerns about the associated risks and geopolitical tensions.",both,0,0,TRUE,,2025-08-30T19:37:54Z,"Carbon Pricing, Finance & Markets, Policy & Politics","Carbon Pricing, Finance & Markets, Policy & Politics",guid:abddf438-8e71-432a-873a-ee51924f5cab
Columbia Energy Exchange,2025-08-14T17:15:00Z,Special Episode: Unpacking the US-India-Russia Tariff Triangle,https://columbiaenergyexchange.libsyn.com/special-episode-unpacking-the-us-india-russia-tariff-triangle,c4f228fc-8eb5-4e98-b572-23198ccc8e8c,"After President Trump and Indian Prime Minister Modi met in the White House back in February, US-India relations appeared to be on solid ground. Back then, Trump was still confident he could broker a quick resolution in Russia’s war against Ukraine. Then, last week, the Trump administration said that if India continues to import Russian oil, the US will double tariffs on Indian goods, starting August 27. This move threatens to undermine relations between the US and India — and it could impact mo","The episode discusses the tensions in US-India relations following a tariff threat from the US over India's oil imports from Russia. This situation highlights the complexities of international trade and diplomacy, especially in the context of ongoing global conflicts.","The podcast examines the implications of the US administration's decision to double tariffs on Indian goods if India continues importing Russian oil. This policy shift, announced after a previously positive meeting between President Trump and Prime Minister Modi, could destabilize US-India relations and affect global oil markets amid the ongoing war in Ukraine.",both,0,0,TRUE,,2025-08-30T19:37:54Z,"Fossil Fuels, International","Fossil Fuels, International",guid:c4f228fc-8eb5-4e98-b572-23198ccc8e8c
Drilled,2025-08-22T13:00:00Z,Why Is the Fossil Fuel Industry Funding Anti-Trans  Politics?,,ae016946-7f0c-11f0-9e23-a3537340bafd,"In this eye-opening episode of Carbon Bros, we hear from special guest Vivian Taylor, a researcher on both trans rights and climate policy, on the shocking connections between fossil billionaires and anti-trans campaigns. Turns out, it’s easy to distract people with genital inspectors so you don’t have to deal with methane leakage inspectors. Amy and Vivian break down the disturbing overlap between anti-trans, anti-climate, and other right-wing movements, as well as the critical need for unity i",This episode explores the troubling links between the fossil fuel industry and anti-trans politics. It highlights how these connections serve as distractions from pressing climate issues. Understanding this relationship is crucial for building solidarity among movements fighting for both climate justice and trans rights.,"The episode reveals how fossil fuel billionaires are funding anti-trans initiatives to divert attention from environmental issues, such as methane emissions. By examining the intersection of anti-trans and anti-climate movements, the discussion underscores the importance of unity among various social justice efforts, emphasizing that addressing climate change requires confronting these divisive tactics.",advanced,0,0,TRUE,,2025-08-30T19:37:54Z,Policy & Politics,Policy & Politics,guid:ae016946-7f0c-11f0-9e23-a3537340bafd
Drilled,2025-08-19T18:46:00Z,"S12, Ep6 | The SLAPP Heard 'Round the World",https://drilled.media/investigations/slappd,c514e248-7d2c-11f0-92e6-3b489516ce2a,"The verdict comes through, more than doubling the damages, at a time when repression of protest is accelerating in the U.S., but somehow Energy Transfer's lawyers claim it is a victory for free speech. As the trial and our season wrap up, we take a look at what this verdict means for Indigenous rights, climate activists, and the decline of individual free speech rights in the U.S. as corporate free speech rights expand. Learn more about your ad choices. Visit megaphone.fm/adchoices","This episode discusses a recent court verdict that significantly increases damages against protestors, highlighting the growing repression of activism in the U.S. It examines the implications for Indigenous rights and climate activists, as corporate free speech rights seem to overshadow individual rights.","The episode analyzes a landmark verdict that more than doubles damages awarded against protestors, reflecting a troubling trend in the U.S. where corporate free speech is gaining precedence over individual rights. It explores the implications for Indigenous rights and climate activism, emphasizing the chilling effect on dissent as legal protections for protestors diminish amidst increasing corporate influence.",advanced,0,0,TRUE,,2025-08-30T19:37:54Z,Litigation,Litigation,guid:c514e248-7d2c-11f0-92e6-3b489516ce2a
Drilled,2025-08-17T11:03:00Z,"Carbon Bros, Ep 3: Climate Hysteria, Doomers, and Boy Math Solutions",https://drilled.media/investigations/carbon-bros,c822b354-7b59-11f0-ae40-7b439c57d518,"Stop listening to hysterical Swedish teenagers and start listening to reasonable men! Some dudes do have solutions to the climate crisis; they just don’t involve messy interpersonal stuff, changing their lifestyles, or reorganizing the global economy. From techno quick fixes and visions of abundance to carbon capture and geoengineering to doomerism and colonies on Mars, we’ll take a look at how gendered notions of the climate crisis have led to individualized, “masculine” approaches to solving i","This episode examines how certain male perspectives on climate solutions prioritize technology over lifestyle changes and systemic reforms. It critiques the focus on quick fixes and individualistic approaches, highlighting the need for more inclusive and comprehensive strategies to address the climate crisis effectively.","The episode explores the influence of gendered perspectives on climate solutions, particularly how male-dominated narratives favor technological fixes like carbon capture and geoengineering over systemic changes. It critiques the rise of 'doomerism' and the allure of unrealistic solutions, such as colonizing Mars, arguing that these approaches neglect the necessary societal transformations needed to combat climate change. The key takeaway is the importance of integrating diverse viewpoints for effective climate action.",advanced,0,0,TRUE,,2025-08-30T19:37:54Z,,,guid:c822b354-7b59-11f0-ae40-7b439c57d518
GARP Climate Risk Podcast,2025-08-21T05:00:00Z,From the Archives: Revisiting the Tail Risks from Climate Change,https://climaterisk.libsyn.com/from-the-archives-revisiting-the-tail-risks-from-climate-change,1dda879c-2031-43b9-ab03-093b74522ccd,"In this special episode, revisit this conversation with Prof. Tim Benton, as we remind ourselves of the devastating potential of the tail risks from climate change. Our regular listeners will know that we usually to take a break from the podcast in August. But every once in a while, in this fast-moving field of climate and sustainability, it’s helpful to pause and reflect on where we’ve been, what we’ve learned, and how far we’ve come. That’s why we’re re-releasing this episode from the archives","This episode revisits the serious risks posed by climate change, focusing on the less likely but highly impactful events known as tail risks. Understanding these risks is crucial for preparing for future climate challenges and making informed decisions about sustainability.","The episode highlights the concept of tail risks in climate change, which are low-probability but high-impact events that can have devastating consequences. It emphasizes the importance of recognizing these risks for effective policy-making and risk management. As climate models evolve, understanding these extremes is vital for safeguarding ecosystems and economies, underscoring the need for proactive measures in climate policy.",advanced,0,0,TRUE,,2025-08-30T19:37:54Z,,,guid:1dda879c-2031-43b9-ab03-093b74522ccd
GARP Climate Risk Podcast,2025-07-31T05:00:00Z,Resilience and Retreat: What Insurability Tells Us About Climate Risk,https://climaterisk.libsyn.com/resilience-and-retreat-what-insurability-tells-us-about-climate-risk,5a5c56ac-34b0-4385-ab21-95b25fdf05e5,"Hear from Rowan Douglas CBE, CEO of Climate Risk and Resilience at Howden Group, as we explore the vital role of insurance in the climate transition. When we talk about climate resilience, insurance often flies under the radar. But it’s one of the oldest and most powerful tools we have for managing risk: pooling resources, spreading losses, and crucially, sending signals about where risk is growing too great to bear. That’s why in this episode, we explore the vital and evolving role of insurance",,,advanced,0,0,FALSE,,2025-08-30T19:37:54Z,"Adaptation, Risk & Insurance","Adaptation, Risk & Insurance",guid:5a5c56ac-34b0-4385-ab21-95b25fdf05e5
GARP Climate Risk Podcast,2025-07-10T05:00:00Z,Greening the Games: How Paris 2024 Delivered on Climate Ambition,https://climaterisk.libsyn.com/greening-the-games-how-paris-2024-delivered-on-climate-ambition,59c2b2fe-40f0-4375-9720-19cb0aa3abe1,"Hear from Georgina Grenon, Director of Environmental Excellence for the Paris 2024 Olympic and Paralympic Games, as we explore what it truly means to put sustainability first. Turning climate ambition into reality is a complicated process. Sustainability often requires systemic change, which is precisely why it can be so challenging. That’s why in this episode, we’re hoping to inspire and encourage our audience with the story of the greening of one of the largest and most watched events in the w",,,advanced,0,0,FALSE,,2025-08-30T19:37:54Z,,,guid:59c2b2fe-40f0-4375-9720-19cb0aa3abe1
Planet Critical,2025-08-28T05:30:00Z,Collapse for the 99% | Luke Kemp,https://www.planetcritical.com/p/luke-kemp,substack:post:172055743,"Collapse has historically benefited the 99%.That’s the amazing conclusion of Luke Kemp, author of Goliath’s Curse: The History and Future of Societal Collapse. Luke is a research associate at the Centre for the Study of Existential Risk at the University of Cambridge, and has spent the past five years studying the collapse of civilisations throughout history. He joins me to explain his research, detailing the difference between complex, collective civilisations and what he calls “Goliaths”, mass",,,advanced,0,0,TRUE,,2025-08-30T19:37:54Z,,,guid:substack:post:172055743
Planet Critical,2025-08-21T05:30:00Z,Community Sufficiency | Kara Huntermoon,https://www.planetcritical.com/p/community-sufficiency-kara-huntermoon,substack:post:170335871,"How can we become good ancestors? Permaculturist and educator, Kara Huntermoon, says the hobbies we pick up now can be skills we pass on to our children, even if we never have to use them ourselves. In this wide-ranging and empathetic conversation on relationality, intergenerational solidarity, and hard work, Kara explores how community sufficiency practiced properly creates the common ground in which we can plant the future. This conversation weaves the importance of our relationships with the ",,,advanced,0,0,TRUE,,2025-08-30T19:37:54Z,,,guid:substack:post:170335871
Planet Critical,2025-08-14T05:30:00Z,Knowing and Being | Tyson Yunkaporta,https://www.planetcritical.com/p/crisis-of-subjectivity-tyson-yunkaporta,substack:post:170665727,"How we create knowledge is as important as the knowledge itself. This is the message of this week’s guest, Aboriginal scholar and author, Tyson Yunkaporta. In his explanation of the importance of learning through living, and living with learning, Tyson points to the how the discourse around decolonisation has granted expertise based on identity rather than experience. He highlights how indigenous thinking is fundamentally consensus building, mirroring the Western scientific method, and warns tha",,,advanced,0,0,TRUE,,2025-08-30T19:37:54Z,,,guid:substack:post:170665727
Redefining Energy - Tech,2025-08-13T13:00:07Z,56. Planning the future of an energy system: case study Netherlands (2/2),http://www.redefining-energy.com,https://api.spreaker.com/episode/67097539,"In this second part of the podcast, Michael Barnard pursues his conversation Paul Martin and Emiel van Druten with explores emerging insights into the Netherlands' energy transition, addressing core assumptions around efficiency, hydrogen usage, and electrification.Building efficiency upgrades yield disappointing returns, with gas consumption often rebounding within 2-4 years post-renovation, limiting achievable reductions to about 50%. The recommended solution is a clear shift toward electrific",,,advanced,0,0,TRUE,,2025-08-30T19:37:54Z,"Finance & Markets, Fossil Fuels, Litigation, Renewables","Finance & Markets, Fossil Fuels, Litigation, Renewables",guid:https://api.spreaker.com/episode/67097539
Redefining Energy - Tech,2025-07-30T13:00:07Z,55. Planning the future of an energy system: case study Netherlands (1/2),http://www.redefining-energy.com,https://api.spreaker.com/episode/67097537,"Michael Barnard hosts Paul Martin and Emiel van Druten in an insightful podcast episode exploring the Netherlands’ evolving energy transition scenarios, specifically focusing on strategic planning for 2030 and 2050. Emil van Druten, leading the scenario development at Tennet, collaborates closely with Dutch network operators, leveraging his engineering background to advance pragmatic electrification pathways.Central to the discussion is a recent workshop where Canadian experts provided critical ",,,advanced,0,0,FALSE,,2025-08-30T19:37:54Z,,,guid:https://api.spreaker.com/episode/67097537
Redefining Energy - Tech,2025-07-02T13:00:07Z,54. Decarbonizing the High Seas - IMO’s Billion-Dollar Bet (2/2),http://www.redefining-energy.com,https://api.spreaker.com/episode/66567926,"In this episode (2/2), Michael Barnard concludes his conversation with Tristan Smith, a leading voice in maritime decarbonization and professor at the UCL Energy Institute, to unpack the tangled web of choices, regulations, and constraints facing the shipping industry as it attempts to cut emissions. From dual-fuel ships and synthetic fuels to compliance markets and long-term infrastructure investment, our conversation covered the broad terrain that policymakers, shippers, and fuel producers are",,,advanced,0,0,FALSE,,2025-08-30T19:37:54Z,"Carbon Pricing, Finance & Markets, Policy & Politics","Carbon Pricing, Finance & Markets, Policy & Politics",guid:https://api.spreaker.com/episode/66567926
Shift Key,2025-08-27T09:00:00Z,Shift Key Classic: How to Hook Up More Power Plants,https://shows.acast.com/shift-key/episodes/shift-key-classic-how-to-hook-up-more-power-plants,68ae3c39982c36846efe8b81,"Shift Key is off for Labor Day, so we’re re-running this classic episode.For the first time in 15 years, American electricity demand is rising again as new data centers, factories, and electric vehicles come online. The easiest option is to meet that new demand with new supply — new power plants. But in many parts of the country, it can take years to hook up new wind, solar, and batteries to the grid. The reason why is a clogged and broken system called the interconnection queue.&nbsp;&nbsp;&nbs",,,both,0,0,TRUE,,2025-08-30T19:37:54Z,"Grid & HVDC, International, Renewables","Grid & HVDC, International, Renewables",guid:68ae3c39982c36846efe8b81
Shift Key,2025-08-20T09:00:00Z,This Is What It’s Like to Run a Power Grid ,https://heatmap.news/,68a52f41352b565deb713d4a,"So far on Shift Key Summer School we’ve covered how electricity gets made and how it gets sold. But none of that matters without the grid, which is how that electricity gets to you, the consumer. Who actually keeps the grid running? And what decisions did they make an hour ago, a day ago, a week ago, five years ago to make sure that it would still be running right this second?&nbsp;This week on Shift Key, Rob and Jesse chat with Mark Rothleder, senior vice president and chief operating officer o",,,both,0,0,TRUE,,2025-08-30T19:37:54Z,"Carbon Pricing, Finance & Markets, Grid & HVDC","Carbon Pricing, Finance & Markets, Grid & HVDC",guid:68a52f41352b565deb713d4a
Shift Key,2025-08-13T09:00:00Z,How Electricity Markets Work,https://heatmap.news/,689b9560b9b9dae0c73fabe4,"Most electricity used in America today is sold on a wholesale power market. These markets are one of the most important institutions structuring the modern U.S. energy economy, but they’re also not very well understood, even in climate nerd circles. And after all: How would you even run a market for something that’s used at the second it’s created — and moves at the speed of light?&nbsp;On this week’s episode of Shift Key Summer School, Rob and Jesse talk about how electricity finds a price and ",,,both,0,0,TRUE,,2025-08-30T19:37:54Z,"Carbon Pricing, Finance & Markets","Carbon Pricing, Finance & Markets",guid:689b9560b9b9dae0c73fabe4
Sustain What?,2025-08-24T15:05:23Z,"Surviving Trump, Thriving with Solar - an Update from Climate Action Lifer Bill McKibben",https://revkin.substack.com/p/surviving-trump-thriving-with-solar,substack:post:171590318,"Bill McKibben and I differ on some issues (the decarbonizing role of nuclear energy is one; big theories of change are another) but we agree on a lot and vive la différence given the inevitability of “response diversity” facing wicked stresses.And he’s right that the accelerating surge of solar electricity generation, from Pakistan rooftops to African villages to the California and Texas grids, is a powerful and hopeful force amid so many dire signals.Here’s what he said about Texas, renewable e",,,general,0,0,TRUE,,2025-08-30T19:37:54Z,"Grid & HVDC, International, Litigation, Policy & Politics, Renewables","Grid & HVDC, International, Litigation, Policy & Politics, Renewables",guid:substack:post:171590318
Sustain What?,2025-08-15T19:05:30Z,From Kauai to Your Town - How Data Can Help Cut Climate Threats,https://revkin.substack.com/p/from-kauai-to-your-town-how-data,substack:post:170743799,"This is the podcast post for my Sustain What conversation eploring how cities, counties and perhaps your community can use data mapping and visualization tools to get ahead of climate risks as people and property increasingly sprawl into flood, fire, heat and storm danger zones - and as human-amped climate change intensifies some of those hazards.Watch above and share this post, or do the same on LinkedIn, Facebook, X/Twitter or YouTube:My guests were Alan Clinton, planning officer for the Count",,,general,0,0,TRUE,,2025-08-30T19:37:54Z,,,guid:substack:post:170743799
Sustain What?,2025-08-13T19:59:51Z,"From Juneau to the Himalayas, Get Used to Potentially Catastrophic GLOFs",https://revkin.substack.com/p/from-juneau-to-the-himalayas-get,substack:post:170918670,"I pulled together a quick live Sustain What event today zooming out from the latest dramatic glacial lake outburst flood generated in Suicide Basin up in the mountains above Juneau, Alaska. That’s pretty far from most of us, but the challenge posed when glaciers block rivers and suddenly disgorge vast volumes of water extends to the Himalalyas, where millions of people live downstream of such deadly dynamics. This webcast starts with my overview of current events, I include this video snapshot I",,,general,0,0,TRUE,,2025-08-30T19:37:54Z,,,guid:substack:post:170918670
CDR Policy Scoop,2025-08-20T09:16:24Z,Scoop School Lesson 2: Carbon Removal Leaders & Laggards,https://shows.acast.com/the-cdr-policy-scoop/episodes/scoop-school-lesson-2-carbon-removal-leaders-laggards,68a59269e2f63983a791e5a1,"Scoop School is back in session.The second lesson: Who’s leading and who’s lagging in carbon removal (CDR) policy?Who’s getting it right, and who’s falling behind?What works in CDR policy design?Is it possible to replicate successes across borders?Yes, durable CDR policy is still in its early stages, but our in-depth looks at the UK, Switzerland, and Germany have proven there’s already a lot to discuss—and a lot others can learn from.Sebastian has been tracking these policy trends closely and wi",,,advanced,0,0,TRUE,,2025-08-30T19:37:54Z,"CDR, Finance & Markets, Policy & Politics","CDR, Finance & Markets, Policy & Politics",guid:68a59269e2f63983a791e5a1
CDR Policy Scoop,2025-08-13T23:43:32Z,Scoop School Lesson 1: Carbon Removal Accounting,https://shows.acast.com/the-cdr-policy-scoop/episodes/scoop-school-lesson-1-carbon-removal-accounting,689d23232d44a86fa02bd247,"It may still be summer, but the new series, “Scoop School”, is now in session. First lesson: Carbon Removal Accounting. Which is not the same as MRV, and the lesson will get to that.Countries are facing new and urgent questions regarding how to account for removals, whether it's within the context of the Paris Agreement’s Crediting Mechanism PACM, the EU’s CRCF, or incorporating removals into emission trading systems.&nbsp;All of this has a tangible impact on which carbon removal methods can be ",,,advanced,0,0,TRUE,,2025-08-30T19:37:54Z,"CDR, International","CDR, International",guid:689d23232d44a86fa02bd247
CDR Policy Scoop,2025-08-07T23:01:00Z,The LULUCF Squeeze: Can policy save the EU's fading carbon sink? - with Asger Strange Olesen,https://shows.acast.com/the-cdr-policy-scoop/episodes/the-lulucf-squeeze-can-policy-save-the-eus-fading-carbon-sin,6894d6d3b84a51f5128dc917,"Europe’s forests and soils have been acting as an indispensable cushion for our climate targets, currently offsetting around 6% of the EU’s GHG emissions.&nbsp;But the LULUCF sink - the EU’s natural carbon safety net - has dropped by 30% compared to the previous decade. Recent projections highlight a crucial gap between the climate target and the current sink.Is Europe’s land carbon sink slipping away? What will it take to bring it back? Can smart and innovative policy design turn the tide on th",,,advanced,0,0,TRUE,,2025-08-30T19:37:54Z,"Carbon Pricing, Fossil Fuels, International, Offsets, Policy & Politics","Carbon Pricing, Fossil Fuels, International, Offsets, Policy & Politics",guid:6894d6d3b84a51f5128dc917
Climate Pod,2025-08-27T08:00:00Z,"20 Years After Hurricane Katrina, What Have We Learned About Disaster Response?",https://sites.libsyn.com/191481/20-years-after-katrina-what-have-we-learned-about-disaster-response,fcd859a3-105a-48a5-81a8-b64790f0282f,"Five years ago, on the 15th anniversary of Hurricane Katrina, we looked back with Vann Newkirk II on the complexities of the disaster. Newkirk did a thorough recounting of Katrina for his narrative podcast series, Floodlines. Since that conversation, I've often wondered about the role of the federal government in the wake of these disasters. Have we learned much in the 20 years since Hurricane Katrina? Why is FEMA so critical when a disaster strikes a certain area? Are we better prepared now or ",,,general,0,0,TRUE,,2025-08-30T19:37:54Z,Communication,Communication,guid:fcd859a3-105a-48a5-81a8-b64790f0282f
Climate Pod,2025-08-21T19:54:00Z,Bill McKibben On What The Climate Movement Needs To Do Now,https://sites.libsyn.com/191481/bill-mckibben-on-what-the-climate-movement-needs-to-do-now,f2e4dd85-3324-4fb2-82a3-a55e06337cbc,"This has been a rough year for the US climate movement. And few people have spent as many years or invested as much time in thinking about the climate movement than Bill McKibben, author of the first book on climate change, The End of Nature. In this perilous moment we find ourselves in, McKibben is finding some inspiration in the transformative potential of renewable energy and how it can help both power the planet and revitalize the climate movement. In his new book, Here Comes The Sun, he off",,,general,0,0,TRUE,,2025-08-30T19:37:54Z,Policy & Politics,Policy & Politics,guid:f2e4dd85-3324-4fb2-82a3-a55e06337cbc
Climate Pod,2025-08-19T19:53:00Z,How Global Climate Litigation Is Changing After A Landmark Court Decision (w/ Dr. Maria Antonia Tigre),https://sites.libsyn.com/191481/how-global-climate-litigation-is-changing-after-a-landmark-court-decision-w-dr-maria-antonia-tigre,b394b74f-9c40-4c06-8d63-39dc68d96446,"On July 23, the International Court of Justice issued an advisory opinion that many are regarding as a groundbreaking legal moment for the fight against climate change. But what was included in the actual opinion? What does this mean for the future of climate litigation? And most importantly, what will this mean for the future of climate action? To answer all these questions and more, we talk to Dr. Maria Antonia Tigre, the Director of Global Climate Change Litigation at the Sabin Center. She ex",,,general,0,0,TRUE,,2025-08-30T19:37:54Z,"Justice & Equity, Litigation","Justice & Equity, Litigation",guid:b394b74f-9c40-4c06-8d63-39dc68d96446
The Great Simplification,2025-08-27T11:00:00Z,Where Will Humanity Move When the World Gets Too Hot? Mass Climate Migration & The Rise of Uninhabitable Regions with Sunil Amrith,https://thegreatsimplification.libsyn.com/where-will-humanity-move-when-the-world-gets-too-hot-mass-climate-migration-the-rise-of-uninhabitable-regions-with-sunil-amrith,a3b524c5-aa23-4750-a64e-f693fba1f677,"In the next 25 years, the International Organization for Migration estimates that one billion people will be displaced from their homes due to climate-related events. From island nations underwater to inland areas too hot and extreme to sustain life, the individuals and communities in these areas will need somewhere new to live. Where will these people go, and how will this mass migration add further pressure to the stability of nations and the world? In this episode, Nate is joined by environme",,,advanced,0,0,TRUE,,2025-08-30T19:37:54Z,"Carbon Pricing, Policy & Politics","Carbon Pricing, Policy & Politics",guid:a3b524c5-aa23-4750-a64e-f693fba1f677
The Great Simplification,2025-08-22T11:00:00Z,Key Blindspots of the “Walrus” Movement | Frankly 105,https://thegreatsimplification.libsyn.com/key-blindspots-of-the-walrus-movement-frankly-105,1300fb9b-00f4-4e66-9b95-32accb060e14,"In this week’s Frankly, Nate unpacks some key blindspots of “the walrus movement”—a placeholder label that's a gentle nod to those championing bold social and ecological ideals. While mostly well-intentioned, this ""movement"" can miss the stark limits of our planet’s unfolding biophysical reality. What happens when lofty goals sidestep ecological and energetic realities? How might we incorporate these oversights to drive clear, purposeful action towards a (more) sustainable future? And how do we ",,,advanced,0,0,TRUE,,2025-08-30T19:37:54Z,,,guid:1300fb9b-00f4-4e66-9b95-32accb060e14
The Great Simplification,2025-08-20T11:00:00Z,"How Do You Become Who You Want to Be?: The Science Behind Identity, Purpose, and Motivation with Taylor Guthrie",https://thegreatsimplification.libsyn.com/how-do-you-become-who-you-want-to-be-the-science-behind-identity-purpose-and-motivation-with-taylor-guthrie,302dd8bf-8e3a-4878-9bad-69a76d5ff6f3,"Our personal concept of identity shapes every decision we make – ranging from life-altering choices to our smallest daily preferences. Identity influences our values, the relationships we build, and how we respond to an increasingly unpredictable world, whether in constructive or destructive ways. But how are these identities formed, and how might we take a more deliberate role in cultivating a healthy sense of self – and therefore a healthier way of relating to the world? In this episode, Nate ",,,advanced,0,0,TRUE,,2025-08-30T19:37:54Z,,,guid:302dd8bf-8e3a-4878-9bad-69a76d5ff6f3
Volts,2025-08-27T16:02:00Z,Climate philanthropy in a time of Trump,https://www.volts.wtf/p/climate-philanthropy-in-a-time-of,substack:post:170753283,"This week I talk with Dan Stein, whose organization Giving Green seeks to align climate philanthropy with the principles of effective altruism. But what does ""effective"" mean in the face of fossil fuel autocracy? We discuss the difficulties of measuring systems change and debate the limits of technocratic solutions. This is a public episode. If you'd like to discuss this with other subscribers or get access to bonus episodes, visit www.volts.wtf/subscribe",,,both,0,0,TRUE,,2025-08-30T19:37:54Z,,,guid:substack:post:170753283
Volts,2025-08-20T16:02:00Z,What does clean energy activism look like?,https://www.volts.wtf/p/what-does-clean-energy-activism-look,substack:post:170658066,"Movement veterans Bill McKibben and Jamie Henn have been thinking about where climate activism goes from here. They argue for a new focus on celebrating and accelerating the miraculous global boom in solar power. We get into what it looks like to fight for building stuff, how to win the online information war for clean energy, and why the sun offers not just cheaper power, but a form of liberation. This is a public episode. If you'd like to discuss this with other subscribers or get access to bo",,,both,0,0,TRUE,,2025-08-30T19:37:54Z,"Policy & Politics, Renewables","Policy & Politics, Renewables",guid:substack:post:170658066
Volts,2025-08-13T16:02:00Z,Trump's latest attempt to save coal,https://www.volts.wtf/p/trumps-latest-attempt-to-save-coal,substack:post:169352110,"In this episode, I'm joined by Frank Rambo of the Horizon Climate Initiative to discuss ""uneconomic dispatch"" — the costly and polluting practice of running coal plants even when cheaper, cleaner options are available. We dig into why utilities get away with this, how the Trump administration is now trying to force them to continue via bogus ""reliability"" claims, and why fighting this practice at the state level is a huge, bipartisan win for both the climate and consumer pocketbooks. This is a p",,,both,0,0,TRUE,,2025-08-30T19:37:54Z,"Fossil Fuels, Litigation","Fossil Fuels, Litigation",guid:substack:post:169352110
Wicked Problems,2025-08-11T09:05:15Z,Tipping Points. They're not all bad. w/Steve Smith of Exeter's Global Systems Institute,https://news.wickedproblems.uk/p/tipping-points-but-not-all-bad-wsteve?r=r1dq&utm_campaign=post&utm_medium=web&showWelcomeOnShare=false,6899b24bc952cf597841464b,"Bonus content and show notes at wickedproblems.earthUnderstanding Climate Tipping Points With Stephen Smith | Wicked Problems Climate Tech ConversationsIn this episode of Wicked Problems Climate Tech Conversations, host Richard Delevan dives into the pivotal and pressing subject of climate tipping points with guest Stephen Smith. They discuss the warnings from the recent Global Tipping Points Conference in Exeter, where nearly 200 scientists urged immediate action to prevent irreversible climate",,,advanced,0,0,TRUE,,2025-08-30T19:37:54Z,,,guid:6899b24bc952cf597841464b
Wicked Problems,2025-08-02T11:11:40Z,"Does Broken Britain Crave Chaos? w/Ed Hodgson, More in Common",https://news.wickedproblems.uk/p/does-shattered-britain-crave-chaos?r=r1dq,688df26d0bb12601f028bd3b,"Will Nigel Farage's Reform party succeed in demonising climate action? Or will adaptation change the conversation? Are the Tories cooked? And does Gaza create an opening big enough for Jeremy Corbyn's new party to cut into Labour support? Richard Delevan talks to More in Common's Ed Hodgson about Shattered Britain, how Britain's ""Tribes"" will shape the future - and why you need to understand them if effective climate communicators are going to win. Get all the bonus content and ad-free listening",,,advanced,0,0,TRUE,,2025-08-30T19:37:54Z,Adaptation,Adaptation,guid:688df26d0bb12601f028bd3b
Wicked Problems,2025-07-30T13:59:06Z,Climate Science is now International Law,https://wickedproblems.earth,688a252b8118276109e6628e,"Get other content and the newsletter at wickedproblems.earth.Climate Justice: ICJ's Historic Ruling and Its Global ImpactIn this episode of Wicked Problems, host Richard Delavan is joined by Professor Elizabeth Holland from Brown University to discuss a historic advisory opinion handed down by the International Court of Justice (ICJ). The ruling, initiated by Pacific Island students, declares climate science as a binding element under customary international law, obligating states to take strong",,,advanced,0,0,FALSE,,2025-08-30T19:37:54Z,"Justice & Equity, Litigation","Justice & Equity, Litigation",guid:688a252b8118276109e6628e
Zero,2025-08-28T04:00:00Z,Best of: Kim Stanley Robinson imagines utopia in 2025,https://omny.fm/shows/zero/best-ofwhy-kim-stanley-robinson-is-optimistic-about-2025,78f6a776-a6e6-4c84-8eec-b333010c2543,"Science fiction writer Kim Stanley Robinson imagines the future for a living. And the future is very much upon us. Robinson&rsquo;s seminal 2020 novel&nbsp;Ministry for the Future opens in the year 2025. Robinson tells Akshat Rathi about how our real-life climate politics stack up against what he imagined for this era. They also discuss the dangers of science-fiction thinking in politics and why, for all his admiration of science and technology, Robinson remains so enamored with the unglamorous ",,,general,0,0,TRUE,,2025-08-30T19:37:54Z,,,guid:78f6a776-a6e6-4c84-8eec-b333010c2543
Zero,2025-08-21T04:00:00Z,The 100-ton device that can stop blackouts in the renewables era: Bottlenecks Series,https://omny.fm/shows/zero/here-s-how-to-stop-blackouts-in-the-renewables-era,f6635da5-8234-4ec5-932f-b33800e390dd,"In April, Spain suffered a nationwide blackout that lasted nearly a full day. It was a traumatic event for one of Europe&rsquo;s fastest adopters of solar power, tripling capacity in just five years. The outage sparked a big question: Was solar to blame? And what will it take to avoid blackouts in the renewables era? Bloomberg Green&rsquo;s Laura Millan joins Akshat Rathi on Zero to unpack the lessons from the Iberian Peninsula and the technologies that could make such blackouts a thing of the p",,,general,0,0,TRUE,,2025-08-30T19:37:54Z,"International, Renewables","International, Renewables",guid:f6635da5-8234-4ec5-932f-b33800e390dd
Zero,2025-08-14T04:00:00Z,"Build small, grow fast: Can small modular reactors live up to the hype?",https://omny.fm/shows/zero/small-modular-reactors-rachel-slaybaugh,b4900acb-b6db-4ddf-9525-b3380093c80d,"Electricity demand is soaring, and some think the answer isn&rsquo;t building bigger, but smaller. That&rsquo;s the idea behind small modular reactors (SMRs): take a large-scale nuclear plant that&rsquo;s hard to build, and shrink it down to something that&rsquo;s more manageable, cheaper and easier to replicate. Instead of one huge nuclear plant, you build 10 small ones.&nbsp; Right now these kinds of small modular reactors are in the startup phase, with only two in commercial operation in Russ",,,general,0,0,TRUE,,2025-08-30T19:37:54Z,,,guid:b4900acb-b6db-4ddf-9525-b3380093c80d
,,,,,,,,,,,,,,,,
,,,,,,,,,,,,,,,,
,,,,,,,,,,,,,,,,
,,,,,,,,,,,,,,,,
,,,,,,,,,,,,,,,,
,,,,,,,,,,,,,,,,
,,,,,,,,,,,,,,,,
,,,,,,,,,,,,,,,,
,,,,,,,,,,,,,,,,
,,,,,,,,,,,,,,,,
,,,,,,,,,,,,,,,,
,,,,,,,,,,,,,,,,
,,,,,,,,,,,,,,,,
,,,,,,,,,,,,,,,,
,,,,,,,,,,,,,,,,
,,,,,,,,,,,,,,,,
,,,,,,,,,,,,,,,,
,,,,,,,,,,,,,,,,
,,,,,,,,,,,,,,,,
,,,,,,,,,,,,,,,,
,,,,,,,,,,,,,,,,
,,,,,,,,,,,,,,,,
,,,,,,,,,,,,,,,,
,,,,,,,,,,,,,,,,
,,,,,,,,,,,,,,,,
,,,,,,,,,,,,,,,,
,,,,,,,,,,,,,,,,
,,,,,,,,,,,,,,,,
,,,,,,,,,,,,,,,,
,,,,,,,,,,,,,,,,
,,,,,,,,,,,,,,,,
,,,,,,,,,,,,,,,,
,,,,,,,,,,,,,,,,
,,,,,,,,,,,,,,,,
,,,,,,,,,,,,,,,,
,,,,,,,,,,,,,,,,
,,,,,,,,,,,,,,,,
,,,,,,,,,,,,,,,,
,,,,,,,,,,,,,,,,
,,,,,,,,,,,,,,,,
,,,,,,,,,,,,,,,,
,,,,,,,,,,,,,,,,
,,,,,,,,,,,,,,,,
,,,,,,,,,,,,,,,,
,,,,,,,,,,,,,,,,
,,,,,,,,,,,,,,,,
,,,,,,,,,,,,,,,,
,,,,,,,,,,,,,,,,
,,,,,,,,,,,,,,,,
,,,,,,,,,,,,,,,,
,,,,,,,,,,,,,,,,
,,,,,,,,,,,,,,,,
,,,,,,,,,,,,,,,,
,,,,,,,,,,,,,,,,
,,,,,,,,,,,,,,,,
,,,,,,,,,,,,,,,,
,,,,,,,,,,,,,,,,
,,,,,,,,,,,,,,,,
,,,,,,,,,,,,,,,,
,,,,,,,,,,,,,,,,
,,,,,,,,,,,,,,,,
,,,,,,,,,,,,,,,,
,,,,,,,,,,,,,,,,
,,,,,,,,,,,,,,,,
,,,,,,,,,,,,,,,,
,,,,,,,,,,,,,,,,
,,,,,,,,,,,,,,,,
,,,,,,,,,,,,,,,,
,,,,,,,,,,,,,,,,
,,,,,,,,,,,,,,,,
,,,,,,,,,,,,,,,,
,,,,,,,,,,,,,,,,
,,,,,,,,,,,,,,,,
,,,,,,,,,,,,,,,,
,,,,,,,,,,,,,,,,
,,,,,,,,,,,,,,,,
,,,,,,,,,,,,,,,,
,,,,,,,,,,,,,,,,
,,,,,,,,,,,,,,,,
,,,,,,,,,,,,,,,,
,,,,,,,,,,,,,,,,
,,,,,,,,,,,,,,,,
,,,,,,,,,,,,,,,,
,,,,,,,,,,,,,,,,
,,,,,,,,,,,,,,,,
,,,,,,,,,,,,,,,,
,,,,,,,,,,,,,,,,
,,,,,,,,,,,,,,,,
,,,,,,,,,,,,,,,,
,,,,,,,,,,,,,,,,
,,,,,,,,,,,,,,,,
,,,,,,,,,,,,,,,,
,,,,,,,,,,,,,,,,
,,,,,,,,,,,,,,,,
,,,,,,,,,,,,,,,,
,,,,,,,,,,,,,,,,
,,,,,,,,,,,,,,,,
,,,,,,,,,,,,,,,,
,,,,,,,,,,,,,,,,
,,,,,,,,,,,,,,,,
,,,,,,,,,,,,,,,,
,,,,,,,,,,,,,,,,
,,,,,,,,,,,,,,,,
,,,,,,,,,,,,,,,,
,,,,,,,,,,,,,,,,
,,,,,,,,,,,,,,,,
,,,,,,,,,,,,,,,,
,,,,,,,,,,,,,,,,
,,,,,,,,,,,,,,,,
,,,,,,,,,,,,,,,,
,,,,,,,,,,,,,,,,
,,,,,,,,,,,,,,,,
,,,,,,,,,,,,,,,,
,,,,,,,,,,,,,,,,
,,,,,,,,,,,,,,,,
,,,,,,,,,,,,,,,,
,,,,,,,,,,,,,,,,
,,,,,,,,,,,,,,,,
,,,,,,,,,,,,,,,,
,,,,,,,,,,,,,,,,
,,,,,,,,,,,,,,,,
,,,,,,,,,,,,,,,,
,,,,,,,,,,,,,,,,
,,,,,,,,,,,,,,,,
,,,,,,,,,,,,,,,,
,,,,,,,,,,,,,,,,
,,,,,,,,,,,,,,,,
,,,,,,,,,,,,,,,,
,,,,,,,,,,,,,,,,
,,,,,,,,,,,,,,,,
,,,,,,,,,,,,,,,,
,,,,,,,,,,,,,,,,
,,,,,,,,,,,,,,,,
,,,,,,,,,,,,,,,,
,,,,,,,,,,,,,,,,
,,,,,,,,,,,,,,,,
,,,,,,,,,,,,,,,,
,,,,,,,,,,,,,,,,
,,,,,,,,,,,,,,,,
,,,,,,,,,,,,,,,,
,,,,,,,,,,,,,,,,
,,,,,,,,,,,,,,,,
,,,,,,,,,,,,,,,,
,,,,,,,,,,,,,,,,
,,,,,,,,,,,,,,,,
,,,,,,,,,,,,,,,,
,,,,,,,,,,,,,,,,
,,,,,,,,,,,,,,,,
,,,,,,,,,,,,,,,,
,,,,,,,,,,,,,,,,
,,,,,,,,,,,,,,,,
,,,,,,,,,,,,,,,,
,,,,,,,,,,,,,,,,
,,,,,,,,,,,,,,,,
,,,,,,,,,,,,,,,,
,,,,,,,,,,,,,,,,
,,,,,,,,,,,,,,,,
,,,,,,,,,,,,,,,,
,,,,,,,,,,,,,,,,
,,,,,,,,,,,,,,,,
,,,,,,,,,,,,,,,,
,,,,,,,,,,,,,,,,
,,,,,,,,,,,,,,,,
,,,,,,,,,,,,,,,,
,,,,,,,,,,,,,,,,
,,,,,,,,,,,,,,,,
,,,,,,,,,,,,,,,,
,,,,,,,,,,,,,,,,
,,,,,,,,,,,,,,,,
,,,,,,,,,,,,,,,,
,,,,,,,,,,,,,,,,
,,,,,,,,,,,,,,,,
,,,,,,,,,,,,,,,,
,,,,,,,,,,,,,,,,
,,,,,,,,,,,,,,,,
,,,,,,,,,,,,,,,,
,,,,,,,,,,,,,,,,
,,,,,,,,,,,,,,,,
,,,,,,,,,,,,,,,,
,,,,,,,,,,,,,,,,
,,,,,,,,,,,,,,,,
,,,,,,,,,,,,,,,,
,,,,,,,,,,,,,,,,
,,,,,,,,,,,,,,,,
,,,,,,,,,,,,,,,,
,,,,,,,,,,,,,,,,
,,,,,,,,,,,,,,,,
,,,,,,,,,,,,,,,,
,,,,,,,,,,,,,,,,
,,,,,,,,,,,,,,,,
,,,,,,,,,,,,,,,,
,,,,,,,,,,,,,,,,
,,,,,,,,,,,,,,,,
,,,,,,,,,,,,,,,,
,,,,,,,,,,,,,,,,
,,,,,,,,,,,,,,,,
,,,,,,,,,,,,,,,,
,,,,,,,,,,,,,,,,
,,,,,,,,,,,,,,,,
,,,,,,,,,,,,,,,,
,,,,,,,,,,,,,,,,
,,,,,,,,,,,,,,,,
,,,,,,,,,,,,,,,,
,,,,,,,,,,,,,,,,
,,,,,,,,,,,,,,,,
,,,,,,,,,,,,,,,,
,,,,,,,,,,,,,,,,
,,,,,,,,,,,,,,,,
,,,,,,,,,,,,,,,,
,,,,,,,,,,,,,,,,
,,,,,,,,,,,,,,,,
,,,,,,,,,,,,,,,,
,,,,,,,,,,,,,,,,
,,,,,,,,,,,,,,,,
,,,,,,,,,,,,,,,,
,,,,,,,,,,,,,,,,
,,,,,,,,,,,,,,,,
,,,,,,,,,,,,,,,,
,,,,,,,,,,,,,,,,
,,,,,,,,,,,,,,,,
,,,,,,,,,,,,,,,,
,,,,,,,,,,,,,,,,
,,,,,,,,,,,,,,,,
,,,,,,,,,,,,,,,,
,,,,,,,,,,,,,,,,
,,,,,,,,,,,,,,,,
,,,,,,,,,,,,,,,,
,,,,,,,,,,,,,,,,
,,,,,,,,,,,,,,,,
,,,,,,,,,,,,,,,,
,,,,,,,,,,,,,,,,
,,,,,,,,,,,,,,,,
,,,,,,,,,,,,,,,,
,,,,,,,,,,,,,,,,
,,,,,,,,,,,,,,,,
,,,,,,,,,,,,,,,,
,,,,,,,,,,,,,,,,
,,,,,,,,,,,,,,,,
,,,,,,,,,,,,,,,,
,,,,,,,,,,,,,,,,
,,,,,,,,,,,,,,,,
,,,,,,,,,,,,,,,,
,,,,,,,,,,,,,,,,
,,,,,,,,,,,,,,,,
,,,,,,,,,,,,,,,,
,,,,,,,,,,,,,,,,
,,,,,,,,,,,,,,,,
,,,,,,,,,,,,,,,,
,,,,,,,,,,,,,,,,
,,,,,,,,,,,,,,,,
,,,,,,,,,,,,,,,,
,,,,,,,,,,,,,,,,
,,,,,,,,,,,,,,,,
,,,,,,,,,,,,,,,,
,,,,,,,,,,,,,,,,
,,,,,,,,,,,,,,,,
,,,,,,,,,,,,,,,,
,,,,,,,,,,,,,,,,
,,,,,,,,,,,,,,,,
,,,,,,,,,,,,,,,,
,,,,,,,,,,,,,,,,
,,,,,,,,,,,,,,,,
,,,,,,,,,,,,,,,,
,,,,,,,,,,,,,,,,
,,,,,,,,,,,,,,,,
,,,,,,,,,,,,,,,,
,,,,,,,,,,,,,,,,
,,,,,,,,,,,,,,,,
,,,,,,,,,,,,,,,,
,,,,,,,,,,,,,,,,
,,,,,,,,,,,,,,,,
,,,,,,,,,,,,,,,,
,,,,,,,,,,,,,,,,
,,,,,,,,,,,,,,,,
,,,,,,,,,,,,,,,,
,,,,,,,,,,,,,,,,
,,,,,,,,,,,,,,,,
,,,,,,,,,,,,,,,,
,,,,,,,,,,,,,,,,
,,,,,,,,,,,,,,,,
,,,,,,,,,,,,,,,,
,,,,,,,,,,,,,,,,
,,,,,,,,,,,,,,,,
,,,,,,,,,,,,,,,,
,,,,,,,,,,,,,,,,
,,,,,,,,,,,,,,,,
,,,,,,,,,,,,,,,,
,,,,,,,,,,,,,,,,
,,,,,,,,,,,,,,,,
,,,,,,,,,,,,,,,,
,,,,,,,,,,,,,,,,
,,,,,,,,,,,,,,,,
,,,,,,,,,,,,,,,,
,,,,,,,,,,,,,,,,
,,,,,,,,,,,,,,,,
,,,,,,,,,,,,,,,,
,,,,,,,,,,,,,,,,
,,,,,,,,,,,,,,,,
,,,,,,,,,,,,,,,,
,,,,,,,,,,,,,,,,
,,,,,,,,,,,,,,,,
,,,,,,,,,,,,,,,,
,,,,,,,,,,,,,,,,
,,,,,,,,,,,,,,,,
,,,,,,,,,,,,,,,,
,,,,,,,,,,,,,,,,
,,,,,,,,,,,,,,,,
,,,,,,,,,,,,,,,,
,,,,,,,,,,,,,,,,
,,,,,,,,,,,,,,,,
,,,,,,,,,,,,,,,,
,,,,,,,,,,,,,,,,
,,,,,,,,,,,,,,,,
,,,,,,,,,,,,,,,,
,,,,,,,,,,,,,,,,
,,,,,,,,,,,,,,,,
,,,,,,,,,,,,,,,,
,,,,,,,,,,,,,,,,
,,,,,,,,,,,,,,,,
,,,,,,,,,,,,,,,,
,,,,,,,,,,,,,,,,
,,,,,,,,,,,,,,,,
,,,,,,,,,,,,,,,,
,,,,,,,,,,,,,,,,
,,,,,,,,,,,,,,,,
,,,,,,,,,,,,,,,,
,,,,,,,,,,,,,,,,
,,,,,,,,,,,,,,,,
,,,,,,,,,,,,,,,,
,,,,,,,,,,,,,,,,
,,,,,,,,,,,,,,,,
,,,,,,,,,,,,,,,,
,,,,,,,,,,,,,,,,
,,,,,,,,,,,,,,,,
,,,,,,,,,,,,,,,,
,,,,,,,,,,,,,,,,
,,,,,,,,,,,,,,,,
,,,,,,,,,,,,,,,,
,,,,,,,,,,,,,,,,
,,,,,,,,,,,,,,,,
,,,,,,,,,,,,,,,,
,,,,,,,,,,,,,,,,
,,,,,,,,,,,,,,,,
,,,,,,,,,,,,,,,,
,,,,,,,,,,,,,,,,
,,,,,,,,,,,,,,,,
,,,,,,,,,,,,,,,,
,,,,,,,,,,,,,,,,
,,,,,,,,,,,,,,,,
,,,,,,,,,,,,,,,,
,,,,,,,,,,,,,,,,
,,,,,,,,,,,,,,,,
,,,,,,,,,,,,,,,,
,,,,,,,,,,,,,,,,
,,,,,,,,,,,,,,,,
,,,,,,,,,,,,,,,,
,,,,,,,,,,,,,,,,
,,,,,,,,,,,,,,,,
,,,,,,,,,,,,,,,,
,,,,,,,,,,,,,,,,
,,,,,,,,,,,,,,,,
,,,,,,,,,,,,,,,,
,,,,,,,,,,,,,,,,
,,,,,,,,,,,,,,,,
,,,,,,,,,,,,,,,,
,,,,,,,,,,,,,,,,
,,,,,,,,,,,,,,,,
,,,,,,,,,,,,,,,,
,,,,,,,,,,,,,,,,
,,,,,,,,,,,,,,,,
,,,,,,,,,,,,,,,,
,,,,,,,,,,,,,,,,
,,,,,,,,,,,,,,,,
,,,,,,,,,,,,,,,,
,,,,,,,,,,,,,,,,
,,,,,,,,,,,,,,,,
,,,,,,,,,,,,,,,,
,,,,,,,,,,,,,,,,
,,,,,,,,,,,,,,,,
,,,,,,,,,,,,,,,,
,,,,,,,,,,,,,,,,
,,,,,,,,,,,,,,,,
,,,,,,,,,,,,,,,,
,,,,,,,,,,,,,,,,
,,,,,,,,,,,,,,,,
,,,,,,,,,,,,,,,,
,,,,,,,,,,,,,,,,
,,,,,,,,,,,,,,,,
,,,,,,,,,,,,,,,,
,,,,,,,,,,,,,,,,
,,,,,,,,,,,,,,,,
,,,,,,,,,,,,,,,,
,,,,,,,,,,,,,,,,
,,,,,,,,,,,,,,,,
,,,,,,,,,,,,,,,,
,,,,,,,,,,,,,,,,
,,,,,,,,,,,,,,,,
,,,,,,,,,,,,,,,,
,,,,,,,,,,,,,,,,
,,,,,,,,,,,,,,,,
,,,,,,,,,,,,,,,,
,,,,,,,,,,,,,,,,
,,,,,,,,,,,,,,,,
,,,,,,,,,,,,,,,,
,,,,,,,,,,,,,,,,
,,,,,,,,,,,,,,,,
,,,,,,,,,,,,,,,,
,,,,,,,,,,,,,,,,
,,,,,,,,,,,,,,,,
,,,,,,,,,,,,,,,,
,,,,,,,,,,,,,,,,
,,,,,,,,,,,,,,,,
,,,,,,,,,,,,,,,,
,,,,,,,,,,,,,,,,
,,,,,,,,,,,,,,,,
,,,,,,,,,,,,,,,,
,,,,,,,,,,,,,,,,
,,,,,,,,,,,,,,,,
,,,,,,,,,,,,,,,,
,,,,,,,,,,,,,,,,
,,,,,,,,,,,,,,,,
,,,,,,,,,,,,,,,,
,,,,,,,,,,,,,,,,
,,,,,,,,,,,,,,,,
,,,,,,,,,,,,,,,,
,,,,,,,,,,,,,,,,
,,,,,,,,,,,,,,,,
,,,,,,,,,,,,,,,,
,,,,,,,,,,,,,,,,
,,,,,,,,,,,,,,,,
,,,,,,,,,,,,,,,,
,,,,,,,,,,,,,,,,
,,,,,,,,,,,,,,,,
,,,,,,,,,,,,,,,,
,,,,,,,,,,,,,,,,
,,,,,,,,,,,,,,,,
,,,,,,,,,,,,,,,,
,,,,,,,,,,,,,,,,
,,,,,,,,,,,,,,,,
,,,,,,,,,,,,,,,,
,,,,,,,,,,,,,,,,
,,,,,,,,,,,,,,,,
,,,,,,,,,,,,,,,,
,,,,,,,,,,,,,,,,
,,,,,,,,,,,,,,,,
,,,,,,,,,,,,,,,,
,,,,,,,,,,,,,,,,
,,,,,,,,,,,,,,,,
,,,,,,,,,,,,,,,,
,,,,,,,,,,,,,,,,
,,,,,,,,,,,,,,,,
,,,,,,,,,,,,,,,,
,,,,,,,,,,,,,,,,
,,,,,,,,,,,,,,,,
,,,,,,,,,,,,,,,,
,,,,,,,,,,,,,,,,
,,,,,,,,,,,,,,,,
,,,,,,,,,,,,,,,,
,,,,,,,,,,,,,,,,
,,,,,,,,,,,,,,,,
,,,,,,,,,,,,,,,,
,,,,,,,,,,,,,,,,
,,,,,,,,,,,,,,,,
,,,,,,,,,,,,,,,,
,,,,,,,,,,,,,,,,
,,,,,,,,,,,,,,,,
,,,,,,,,,,,,,,,,
,,,,,,,,,,,,,,,,
,,,,,,,,,,,,,,,,
,,,,,,,,,,,,,,,,
,,,,,,,,,,,,,,,,
,,,,,,,,,,,,,,,,
,,,,,,,,,,,,,,,,
,,,,,,,,,,,,,,,,
,,,,,,,,,,,,,,,,
,,,,,,,,,,,,,,,,
,,,,,,,,,,,,,,,,
,,,,,,,,,,,,,,,,
,,,,,,,,,,,,,,,,
,,,,,,,,,,,,,,,,
,,,,,,,,,,,,,,,,
,,,,,,,,,,,,,,,,
,,,,,,,,,,,,,,,,
,,,,,,,,,,,,,,,,
,,,,,,,,,,,,,,,,
,,,,,,,,,,,,,,,,
,,,,,,,,,,,,,,,,
,,,,,,,,,,,,,,,,
,,,,,,,,,,,,,,,,
,,,,,,,,,,,,,,,,
,,,,,,,,,,,,,,,,
,,,,,,,,,,,,,,,,
,,,,,,,,,,,,,,,,
,,,,,,,,,,,,,,,,
,,,,,,,,,,,,,,,,
,,,,,,,,,,,,,,,,
,,,,,,,,,,,,,,,,
,,,,,,,,,,,,,,,,
,,,,,,,,,,,,,,,,
,,,,,,,,,,,,,,,,
,,,,,,,,,,,,,,,,
,,,,,,,,,,,,,,,,
,,,,,,,,,,,,,,,,
,,,,,,,,,,,,,,,,
,,,,,,,,,,,,,,,,
,,,,,,,,,,,,,,,,
,,,,,,,,,,,,,,,,
,,,,,,,,,,,,,,,,
,,,,,,,,,,,,,,,,
,,,,,,,,,,,,,,,,
,,,,,,,,,,,,,,,,
,,,,,,,,,,,,,,,,
,,,,,,,,,,,,,,,,
,,,,,,,,,,,,,,,,
,,,,,,,,,,,,,,,,
,,,,,,,,,,,,,,,,
,,,,,,,,,,,,,,,,
,,,,,,,,,,,,,,,,
,,,,,,,,,,,,,,,,
,,,,,,,,,,,,,,,,
,,,,,,,,,,,,,,,,
,,,,,,,,,,,,,,,,
,,,,,,,,,,,,,,,,
,,,,,,,,,,,,,,,,
,,,,,,,,,,,,,,,,
,,,,,,,,,,,,,,,,
,,,,,,,,,,,,,,,,
,,,,,,,,,,,,,,,,
,,,,,,,,,,,,,,,,
,,,,,,,,,,,,,,,,
,,,,,,,,,,,,,,,,
,,,,,,,,,,,,,,,,
,,,,,,,,,,,,,,,,
,,,,,,,,,,,,,,,,
,,,,,,,,,,,,,,,,
,,,,,,,,,,,,,,,,
,,,,,,,,,,,,,,,,
,,,,,,,,,,,,,,,,
,,,,,,,,,,,,,,,,
,,,,,,,,,,,,,,,,
,,,,,,,,,,,,,,,,
,,,,,,,,,,,,,,,,
,,,,,,,,,,,,,,,,
,,,,,,,,,,,,,,,,
,,,,,,,,,,,,,,,,
,,,,,,,,,,,,,,,,
,,,,,,,,,,,,,,,,
,,,,,,,,,,,,,,,,
,,,,,,,,,,,,,,,,
,,,,,,,,,,,,,,,,
,,,,,,,,,,,,,,,,
,,,,,,,,,,,,,,,,
,,,,,,,,,,,,,,,,
,,,,,,,,,,,,,,,,
,,,,,,,,,,,,,,,,
,,,,,,,,,,,,,,,,
,,,,,,,,,,,,,,,,
,,,,,,,,,,,,,,,,
,,,,,,,,,,,,,,,,
,,,,,,,,,,,,,,,,
,,,,,,,,,,,,,,,,
,,,,,,,,,,,,,,,,
,,,,,,,,,,,,,,,,
,,,,,,,,,,,,,,,,
,,,,,,,,,,,,,,,,
,,,,,,,,,,,,,,,,
,,,,,,,,,,,,,,,,
,,,,,,,,,,,,,,,,
,,,,,,,,,,,,,,,,
,,,,,,,,,,,,,,,,
,,,,,,,,,,,,,,,,
,,,,,,,,,,,,,,,,
,,,,,,,,,,,,,,,,
,,,,,,,,,,,,,,,,
,,,,,,,,,,,,,,,,
,,,,,,,,,,,,,,,,
,,,,,,,,,,,,,,,,
,,,,,,,,,,,,,,,,
,,,,,,,,,,,,,,,,
,,,,,,,,,,,,,,,,
,,,,,,,,,,,,,,,,
,,,,,,,,,,,,,,,,
,,,,,,,,,,,,,,,,
,,,,,,,,,,,,,,,,
,,,,,,,,,,,,,,,,
,,,,,,,,,,,,,,,,
,,,,,,,,,,,,,,,,
,,,,,,,,,,,,,,,,
,,,,,,,,,,,,,,,,
,,,,,,,,,,,,,,,,
,,,,,,,,,,,,,,,,
,,,,,,,,,,,,,,,,
,,,,,,,,,,,,,,,,
,,,,,,,,,,,,,,,,
,,,,,,,,,,,,,,,,
,,,,,,,,,,,,,,,,
,,,,,,,,,,,,,,,,
,,,,,,,,,,,,,,,,
,,,,,,,,,,,,,,,,
,,,,,,,,,,,,,,,,
,,,,,,,,,,,,,,,,
,,,,,,,,,,,,,,,,
,,,,,,,,,,,,,,,,
,,,,,,,,,,,,,,,,
,,,,,,,,,,,,,,,,
,,,,,,,,,,,,,,,,
,,,,,,,,,,,,,,,,
,,,,,,,,,,,,,,,,
,,,,,,,,,,,,,,,,
,,,,,,,,,,,,,,,,
,,,,,,,,,,,,,,,,
,,,,,,,,,,,,,,,,
,,,,,,,,,,,,,,,,
,,,,,,,,,,,,,,,,
,,,,,,,,,,,,,,,,
,,,,,,,,,,,,,,,,
,,,,,,,,,,,,,,,,
,,,,,,,,,,,,,,,,
,,,,,,,,,,,,,,,,
,,,,,,,,,,,,,,,,
,,,,,,,,,,,,,,,,
,,,,,,,,,,,,,,,,
,,,,,,,,,,,,,,,,
,,,,,,,,,,,,,,,,
,,,,,,,,,,,,,,,,
,,,,,,,,,,,,,,,,
,,,,,,,,,,,,,,,,
,,,,,,,,,,,,,,,,
,,,,,,,,,,,,,,,,
,,,,,,,,,,,,,,,,
,,,,,,,,,,,,,,,,
,,,,,,,,,,,,,,,,
,,,,,,,,,,,,,,,,
,,,,,,,,,,,,,,,,
,,,,,,,,,,,,,,,,
,,,,,,,,,,,,,,,,
,,,,,,,,,,,,,,,,
,,,,,,,,,,,,,,,,
,,,,,,,,,,,,,,,,
,,,,,,,,,,,,,,,,
,,,,,,,,,,,,,,,,
,,,,,,,,,,,,,,,,
,,,,,,,,,,,,,,,,
,,,,,,,,,,,,,,,,
,,,,,,,,,,,,,,,,
,,,,,,,,,,,,,,,,
,,,,,,,,,,,,,,,,
,,,,,,,,,,,,,,,,
,,,,,,,,,,,,,,,,
,,,,,,,,,,,,,,,,
,,,,,,,,,,,,,,,,
,,,,,,,,,,,,,,,,
,,,,,,,,,,,,,,,,
,,,,,,,,,,,,,,,,
,,,,,,,,,,,,,,,,
,,,,,,,,,,,,,,,,
,,,,,,,,,,,,,,,,
,,,,,,,,,,,,,,,,
,,,,,,,,,,,,,,,,
,,,,,,,,,,,,,,,,
,,,,,,,,,,,,,,,,
,,,,,,,,,,,,,,,,
,,,,,,,,,,,,,,,,
,,,,,,,,,,,,,,,,
,,,,,,,,,,,,,,,,
,,,,,,,,,,,,,,,,
,,,,,,,,,,,,,,,,
,,,,,,,,,,,,,,,,
,,,,,,,,,,,,,,,,
,,,,,,,,,,,,,,,,
,,,,,,,,,,,,,,,,
,,,,,,,,,,,,,,,,
,,,,,,,,,,,,,,,,
,,,,,,,,,,,,,,,,
,,,,,,,,,,,,,,,,
,,,,,,,,,,,,,,,,
,,,,,,,,,,,,,,,,
,,,,,,,,,,,,,,,,
,,,,,,,,,,,,,,,,
,,,,,,,,,,,,,,,,
,,,,,,,,,,,,,,,,
,,,,,,,,,,,,,,,,
,,,,,,,,,,,,,,,,
,,,,,,,,,,,,,,,,
,,,,,,,,,,,,,,,,
,,,,,,,,,,,,,,,,
,,,,,,,,,,,,,,,,
,,,,,,,,,,,,,,,,
,,,,,,,,,,,,,,,,
,,,,,,,,,,,,,,,,
,,,,,,,,,,,,,,,,
,,,,,,,,,,,,,,,,
,,,,,,,,,,,,,,,,
,,,,,,,,,,,,,,,,
,,,,,,,,,,,,,,,,
,,,,,,,,,,,,,,,,
,,,,,,,,,,,,,,,,
,,,,,,,,,,,,,,,,
,,,,,,,,,,,,,,,,
,,,,,,,,,,,,,,,,
,,,,,,,,,,,,,,,,
,,,,,,,,,,,,,,,,
,,,,,,,,,,,,,,,,
,,,,,,,,,,,,,,,,
,,,,,,,,,,,,,,,,
,,,,,,,,,,,,,,,,
,,,,,,,,,,,,,,,,
,,,,,,,,,,,,,,,,
,,,,,,,,,,,,,,,,
,,,,,,,,,,,,,,,,
,,,,,,,,,,,,,,,,
,,,,,,,,,,,,,,,,
,,,,,,,,,,,,,,,,
,,,,,,,,,,,,,,,,
,,,,,,,,,,,,,,,,
,,,,,,,,,,,,,,,,
,,,,,,,,,,,,,,,,
,,,,,,,,,,,,,,,,
,,,,,,,,,,,,,,,,
,,,,,,,,,,,,,,,,
,,,,,,,,,,,,,,,,
,,,,,,,,,,,,,,,,
,,,,,,,,,,,,,,,,
,,,,,,,,,,,,,,,,
,,,,,,,,,,,,,,,,
,,,,,,,,,,,,,,,,
,,,,,,,,,,,,,,,,
,,,,,,,,,,,,,,,,
,,,,,,,,,,,,,,,,
,,,,,,,,,,,,,,,,
,,,,,,,,,,,,,,,,
,,,,,,,,,,,,,,,,
,,,,,,,,,,,,,,,,
,,,,,,,,,,,,,,,,
,,,,,,,,,,,,,,,,
,,,,,,,,,,,,,,,,
,,,,,,,,,,,,,,,,
,,,,,,,,,,,,,,,,
,,,,,,,,,,,,,,,,
,,,,,,,,,,,,,,,,
,,,,,,,,,,,,,,,,
,,,,,,,,,,,,,,,,
,,,,,,,,,,,,,,,,
,,,,,,,,,,,,,,,,
,,,,,,,,,,,,,,,,
,,,,,,,,,,,,,,,,
,,,,,,,,,,,,,,,,
,,,,,,,,,,,,,,,,
,,,,,,,,,,,,,,,,
,,,,,,,,,,,,,,,,
,,,,,,,,,,,,,,,,
,,,,,,,,,,,,,,,,
,,,,,,,,,,,,,,,,
,,,,,,,,,,,,,,,,
,,,,,,,,,,,,,,,,
,,,,,,,,,,,,,,,,
,,,,,,,,,,,,,,,,
,,,,,,,,,,,,,,,,
,,,,,,,,,,,,,,,,
,,,,,,,,,,,,,,,,
,,,,,,,,,,,,,,,,
,,,,,,,,,,,,,,,,
,,,,,,,,,,,,,,,,
,,,,,,,,,,,,,,,,
,,,,,,,,,,,,,,,,
,,,,,,,,,,,,,,,,
,,,,,,,,,,,,,,,,
,,,,,,,,,,,,,,,,
,,,,,,,,,,,,,,,,
,,,,,,,,,,,,,,,,
,,,,,,,,,,,,,,,,
,,,,,,,,,,,,,,,,
,,,,,,,,,,,,,,,,
,,,,,,,,,,,,,,,,
,,,,,,,,,,,,,,,,
,,,,,,,,,,,,,,,,
,,,,,,,,,,,,,,,,
,,,,,,,,,,,,,,,,
,,,,,,,,,,,,,,,,
,,,,,,,,,,,,,,,,
,,,,,,,,,,,,,,,,
,,,,,,,,,,,,,,,,
,,,,,,,,,,,,,,,,
,,,,,,,,,,,,,,,,
,,,,,,,,,,,,,,,,
,,,,,,,,,,,,,,,,
,,,,,,,,,,,,,,,,
,,,,,,,,,,,,,,,,
,,,,,,,,,,,,,,,,
,,,,,,,,,,,,,,,,
,,,,,,,,,,,,,,,,
,,,,,,,,,,,,,,,,
,,,,,,,,,,,,,,,,
,,,,,,,,,,,,,,,,
,,,,,,,,,,,,,,,,
,,,,,,,,,,,,,,,,
,,,,,,,,,,,,,,,,
,,,,,,,,,,,,,,,,
,,,,,,,,,,,,,,,,
,,,,,,,,,,,,,,,,
,,,,,,,,,,,,,,,,
,,,,,,,,,,,,,,,,
,,,,,,,,,,,,,,,,
,,,,,,,,,,,,,,,,
,,,,,,,,,,,,,,,,
,,,,,,,,,,,,,,,,
,,,,,,,,,,,,,,,,
,,,,,,,,,,,,,,,,
,,,,,,,,,,,,,,,,
,,,,,,,,,,,,,,,,
,,,,,,,,,,,,,,,,
,,,,,,,,,,,,,,,,
,,,,,,,,,,,,,,,,
,,,,,,,,,,,,,,,,
,,,,,,,,,,,,,,,,
,,,,,,,,,,,,,,,,
,,,,,,,,,,,,,,,,
,,,,,,,,,,,,,,,,
,,,,,,,,,,,,,,,,
,,,,,,,,,,,,,,,,
,,,,,,,,,,,,,,,,
,,,,,,,,,,,,,,,,
,,,,,,,,,,,,,,,,
,,,,,,,,,,,,,,,,
,,,,,,,,,,,,,,,,
,,,,,,,,,,,,,,,,
,,,,,,,,,,,,,,,,
,,,,,,,,,,,,,,,,
,,,,,,,,,,,,,,,,
,,,,,,,,,,,,,,,,
,,,,,,,,,,,,,,,,
,,,,,,,,,,,,,,,,
,,,,,,,,,,,,,,,,
,,,,,,,,,,,,,,,,
,,,,,,,,,,,,,,,,
,,,,,,,,,,,,,,,,
,,,,,,,,,,,,,,,,
,,,,,,,,,,,,,,,,
,,,,,,,,,,,,,,,,
,,,,,,,,,,,,,,,,
,,,,,,,,,,,,,,,,
,,,,,,,,,,,,,,,,
,,,,,,,,,,,,,,,,
,,,,,,,,,,,,,,,,
,,,,,,,,,,,,,,,,
,,,,,,,,,,,,,,,,
,,,,,,,,,,,,,,,,
,,,,,,,,,,,,,,,,
,,,,,,,,,,,,,,,,
,,,,,,,,,,,,,,,,
,,,,,,,,,,,,,,,,
,,,,,,,,,,,,,,,,
,,,,,,,,,,,,,,,,
,,,,,,,,,,,,,,,,
,,,,,,,,,,,,,,,,
,,,,,,,,,,,,,,,,
,,,,,,,,,,,,,,,,
,,,,,,,,,,,,,,,,
,,,,,,,,,,,,,,,,
,,,,,,,,,,,,,,,,
,,,,,,,,,,,,,,,,
,,,,,,,,,,,,,,,,
,,,,,,,,,,,,,,,,
,,,,,,,,,,,,,,,,
,,,,,,,,,,,,,,,,
,,,,,,,,,,,,,,,,
,,,,,,,,,,,,,,,,
,,,,,,,,,,,,,,,,
,,,,,,,,,,,,,,,,
,,,,,,,,,,,,,,,,
,,,,,,,,,,,,,,,,
,,,,,,,,,,,,,,,,
,,,,,,,,,,,,,,,,
,,,,,,,,,,,,,,,,
,,,,,,,,,,,,,,,,
,,,,,,,,,,,,,,,,
,,,,,,,,,,,,,,,,
,,,,,,,,,,,,,,,,
,,,,,,,,,,,,,,,,
,,,,,,,,,,,,,,,,
,,,,,,,,,,,,,,,,
,,,,,,,,,,,,,,,,
,,,,,,,,,,,,,,,,
,,,,,,,,,,,,,,,,
,,,,,,,,,,,,,,,,
,,,,,,,,,,,,,,,,
,,,,,,,,,,,,,,,,
,,,,,,,,,,,,,,,,
